"ID_на_сайте","Наименование","Ссылка","Промо_цена","Регулярная_цена","name"
509223,"Чай Akbar Золотой крупно-листовой, 250г",https://online.metro-cc.ru/products/art_634080,309,369,AKBAR
424940,"Чай Азерчай Букет черный байховый, 400г",https://online.metro-cc.ru/products/art_578790,,609,АЗЕРЧАЙ
194482,"Чай Greenfield Jasmine Dream зеленый листовой, 200г",https://online.metro-cc.ru/products/greenfield-zelenyj-jasmine-dream-200g,239,289,GREENFIELD
102000,"Чай Newby Green Sencha, зеленый (2г x 50шт), 100г",https://online.metro-cc.ru/products/zelenyj-newby-green-sencha-50-2g,,1279,NEWBY
183269,"Чай Greenfield Kenyan Sunrise черный байховый (2г х 25 пак), 50г",https://online.metro-cc.ru/products/greenfield-chernyj-kenyan-sunrise-25x2g,94.9,109,GREENFIELD
514721,"RIOBA Чай черный листовой с Чабрецом, 400г",https://online.metro-cc.ru/products/rioba-chernyj-listovoj-s-chabrecom-400g,,449,RIOBA
386830,"RIOBA Чай черный листовой Эрл Грей, 400г",https://online.metro-cc.ru/products/rioba-chernyj-erl-grej-400g,,519,RIOBA
216971,"RIOBA Чай зеленый Молочный оолонг (2г х 20шт), 40г",https://online.metro-cc.ru/products/rioba-zelenyj-molochnyj-oolong-20x2g,,274,RIOBA
618847,"Чай Азерчай Букет черный байховый, 100г",https://online.metro-cc.ru/products/100g-azerchaj-buket-chern-bajhovyj-kar-up,,169,АЗЕРЧАЙ
540090,"Чай Curtis Blue Berries Blues черный в пирамидках (1.8г x 20шт), 36г",https://online.metro-cc.ru/products/chernyj-curtis-blue-berries-blues-piramidki-20x18g,79.9,119,CURTIS
204515,"Чай Майский Корона Российской Империи черный цейлонский крупнолистовой, 200г",https://online.metro-cc.ru/products/majskij-chernyj-korona-rossijskoj-imperii-200g,199,251,МАЙСКИЙ
120991,"Чай Майский Цейлон черный отборный (2г x 100шт), 200г",https://online.metro-cc.ru/products/majskij-chernyj-otbornyj-cejlon-100x2g,189,226,МАЙСКИЙ
386838,"RIOBA Чай черный листовой Английский Завтрак, 400г",https://online.metro-cc.ru/products/rioba-chernyj-anglijskij-zavtrak-400g,,519,RIOBA
385733,"Чай Richard Royal Ceylon черный байховый (2г х 100шт), 200г",https://online.metro-cc.ru/products/richard-chernyj-bajhovyj-royl-ceylon-v-sashe-100-2g,279,369,RICHARD
102267,"Чай Greenfield Flying Dragon зеленый листовой, 200г",https://online.metro-cc.ru/products/greenfield-flying-dragon-zelenyj-200-g,239,289,GREENFIELD
473944130,"RIOBA Чай ассорти пакетированный 9 вкусов, 173г",https://online.metro-cc.ru/products/173g-chay-rioba-assorti-paketirovannyy-9-vkusov,,479,RIOBA
179525,"RIOBA Чай черный Эрл Грей (2г х 20шт), 40г",https://online.metro-cc.ru/products/rioba-chernyj-erl-grej-20x2g,,235,RIOBA
105743,"RIOBA Чай черный Ассам (2г х 20шт), 40г",https://online.metro-cc.ru/products/rioba-chernyj-assam-20x2g,,235,RIOBA
288672052,"Чай Riston Elite Ceylon черный листовой, 200г",https://online.metro-cc.ru/products/200g-chay-riston-elite-ceylon-chyornyy-listovoy,,265,RISTON
385866,"Чай Richard Lord Grey черный байховый в саше (2г х 25шт), 50г",https://online.metro-cc.ru/products/richard-chernyj-bajhovyj-lord-grey-v-sashe-25-pak,89.9,132,RICHARD
106478,"Чай Майский Корона Российской Империи черный цейлонский крупнолистовой (2г х 100 шт), 200г",https://online.metro-cc.ru/products/majskij-chernyj-korona-rossijskoj-imperii-100-pak-395514,189,226,МАЙСКИЙ
218409,"RIOBA Чай зеленый Изумрудные спиральки (2г х 20шт), 40г",https://online.metro-cc.ru/products/rioba-zelenyj-izumrudnye-spiralki-20x2g,,259,RIOBA
517705,"RIOBA Чай черный Английский завтрак (2г х 20шт), 40г",https://online.metro-cc.ru/products/rioba-chernyj-anglijskij-zavtrak-20x2g,,261,RIOBA
493756,"Чай Tess Thyme черный с чабрецом и цедрой лимона (1.5г x 100шт), 150г",https://online.metro-cc.ru/products/tess-chernyj-s-chabrecom-cedroj-limona-thyme-100-15g,239,339,TESS
445489,"RIOBA Чайный напиток Ройбуш земляничный (2г х 20шт), 40г",https://online.metro-cc.ru/products/rioba-napitok-rojbush-zemlyanichnyj-20x2g,,277,RIOBA
221235,"Чай Greenfield Earl Grey Fantasy черный (2г х 25 пак), 50г",https://online.metro-cc.ru/products/greenfield-chernyj-cejlonskij-bajhovyj-s-aromatom-bergamota-earl-grey-fantasy-sashe-25-2g,94.9,109,GREENFIELD
385652,"Чай Ahmad Tea черный классический (2г х 25шт), 50г",https://online.metro-cc.ru/products/ahmad-tea-chernyj-klassicheskij-25h2g,,89.9,AHMAD TEA
235031,"Чай Greenfield Rich Camomile (1.5г х 25шт), 38г",https://online.metro-cc.ru/products/greenfield-travyanoj-rich-camomile-25x15g,94.9,109,GREENFIELD
242310,"RIOBA Чай зеленый байховый Имбирный апельсин (2г х 20шт), 40г",https://online.metro-cc.ru/products/rioba-zelenyj-bajhovyj-imbirnyj-apelsin-20x2g,,236,RIOBA
161482,"Чай Ahmad Tea Earl Grey черный листовой со вкусом и ароматом бергамота, 200г",https://online.metro-cc.ru/products/ahmad-tea-chernyj-earl-grey-200g-468922,,399,AHMAD TEA
596160982,"Чай Richman Оолонг манго-персик, 40г",https://online.metro-cc.ru/products/40g-chay-richman-oolong-mangopersik,129,207,RICHMAN
86978,"Чай Ahmad Tea Jasmine Green Tea зеленый байховый мелкий с жасмином (2г х 100шт), 200г",https://online.metro-cc.ru/products/ahmad-tea-zelenyj-bajhovyj-melkij-s-zhasminom-jasmine-green-tea-100-pak,359,499,AHMAD TEA
236700,"Чай Curtis зеленый мохито (1.8г х 20шт), 36г",https://online.metro-cc.ru/products/zelenyj-curtis-fresh-mojito-20x18g,79.9,119,CURTIS
387005,"RIOBA Чай зеленый листовой Зеленый Сенча, 400г",https://online.metro-cc.ru/products/rioba-zelenyj-zelenyj-sencha-400g,,839,RIOBA
194098,"Чай Newby Ceylon черный (2г x 50шт), 100г",https://online.metro-cc.ru/products/chernyj-newby-ceylon-50-2g,,1209,NEWBY
389292,"RIOBA Чай зеленый листовой Молочный Улун, 400г",https://online.metro-cc.ru/products/rioba-zelenyj-molochnyj-ulun-400g,,569,RIOBA
517585,"RIOBA Напиток чайный ромашка (1.5г х 14шт), 21г",https://online.metro-cc.ru/products/rioba-napitok-romashka-14x15g,,189,RIOBA
312359797,"Чай Akbar черный малина-черника (1.5г x 100шт), 150г",https://online.metro-cc.ru/products/100h15g-chay-akbar-chyornyy-malinachernika-pak,249,379,AKBAR
507215,"Чай Greenfield Wildberry rooibos (1.5г x 25шт), 38г",https://online.metro-cc.ru/products/greenfield-napitok-wildberry-rooibos-s-kusochkami-yagod-zemlyaniki-klyukvy-25-pak,94.9,109,GREENFIELD
506711,"Чай Greenfield English Edition цейлонский черный (2г x 100шт), 200г",https://online.metro-cc.ru/products/greenfield-chernyj-cejlonskij-english-edition-100x2g,299,359,GREENFIELD
225609,"RIOBA Чай черный для заваривания в чайнике С чабрецом (5г х 20шт), 100г",https://online.metro-cc.ru/products/rioba-chernyj-dlya-zavarivaniya-v-chajnike-s-chabrecom-20x5g,,339,RIOBA
425386,"Чай Азерчай черный с ароматом бергамота (2г х 100шт), 200г",https://online.metro-cc.ru/products/art_578788,,329,АЗЕРЧАЙ
439358,"Чай Ahmad Tea Classic black Tea черный листовой классический, 200г",https://online.metro-cc.ru/products/ahmad-tea-chernyj-listovoj-klassicheskij-classic-black-tea-200g,249,269,AHMAD TEA
375417,"Фильтр-пакеты Basilur Для заваривания листового чая 80шт, 32г",https://online.metro-cc.ru/products/filtr-pakety-basilur-dlya-zavarivaniya-listovogo-chaya-80-sht,,286,BASILUR
617382,"Чай Richard Royal Kenya черный крупнолистовой, 180г",https://online.metro-cc.ru/products/180g-richard-royal-kenya,219,319,RICHARD
522116,"Чай Maitre de The ассорти Exсlusive Collection 12 вкусов, 120г",https://online.metro-cc.ru/products/maitre-assorti-exslusive-collection-12-vkusov-v-sashe-60-pak,,409,MAITRE DE THE
8910089,"Чай Richard Royal Goji & Wild Strawberry ароматизированный (1.7г х 25шт), 42г",https://online.metro-cc.ru/products/chay-richard-godzhi-i-zemlyanika-paketirovannyy-25-x-17g,89.9,132,RICHARD
452643,"Набор чая Ahmad Tea Four Season's Tea Collection ассорти 15 вкусов (2г х 90шт), 180г",https://online.metro-cc.ru/products/ahmad-tea-nabor-assorti-laquofour-season-rsquos-raquo-15-vkusov-v-kartonnoj-korobke-90-sashe,,839,AHMAD TEA
144396,"Чай Newby English Breakfast черный листовой, 100г",https://online.metro-cc.ru/products/newby-chernyj-english-breakfast-100g,,799,NEWBY
451647,"Чай Greenfield Sicilian Citrus черный с ароматом красного апельсина (1.8г х 20шт), 36г",https://online.metro-cc.ru/products/art_592281,109,172,GREENFIELD
539518,"RIOBA Чай Лесные Десерты зеленый (2г х 20шт), 40г",https://online.metro-cc.ru/products/rioba-lesnye-deserty-zelenyj-20-paketikov-h-2-g,,262,RIOBA
210153,"Чай Greenfield Green Melissa зеленый (1.5г х 25 пак), 38г",https://online.metro-cc.ru/products/greenfield-zelenyj-s-myatoj-melissoj-green-melissa-25x15g,94.9,109,GREENFIELD
412744,"Чай Ahmad Tea Jasmine Green Tea зеленый с жасмином (2г х 25шт), 50г",https://online.metro-cc.ru/products/ahmad-tea-s-zhasminom-zelenyj-25h2-g,,139,AHMAD TEA
208213,"Чай Ahmad Tea Earl Grey черный с ароматом бергамота (2г х 25 пак), 50г",https://online.metro-cc.ru/products/ahmad-tea-chernyj-s-aromatom-bergamota-earl-grey-25-pak,99.9,129,AHMAD TEA
225957,"RIOBA Чай черный для заваривания в чайнике Английский завтрак (5г х 20шт), 100г",https://online.metro-cc.ru/products/rioba-chernyj-dlya-zavarivaniya-v-chajnike-anglijskij-zavtrak-20x5g,,389,RIOBA
506900,"Чай Greenfield Peach mellow peach зеленый (1.8г x 25шт), 45г",https://online.metro-cc.ru/products/greenfield-zelenyj-s-aromatom-persika-cedroj-mandarina-peach-mellow-25-18g,94.9,109,GREENFIELD
225945,"Чай Greenfield Jasmine Dream зеленый (2г х 100шт), 200г",https://online.metro-cc.ru/products/greenfield-zelenyj-jasmine-dream-100x2g,299,359,GREENFIELD
506770,"Чай Greenfield Grand Fruit черный (1.5г x 25шт), 38г",https://online.metro-cc.ru/products/greenfield-chernyj-s-aromatom-granata-rastitelnymi-komponentami-grand-fruit-25-pak,94.9,109,GREENFIELD
379746,"Чай Curtis Sunny Lemon черный ароматизированный (1.7г х 20шт), 34г",https://online.metro-cc.ru/products/curtis-sunny-lemon-chernyj-20-17g,79.9,119,CURTIS
129648,"Чай Newby Assam черный (2г x 50шт), 100г",https://online.metro-cc.ru/products/chernyj-newby-assam-50-2g,,1209,NEWBY
257056510,"Чай Richard Royal Blackcurrant & Golden Apple (1.7г x 25шт), 43г",https://online.metro-cc.ru/products/25h17g-chay-richard-smorodina-yabloko-paketirovannyy,89.9,132,RICHARD
259517,"Чай Basilur Остров золотой листовой черный, 100г",https://online.metro-cc.ru/products/basilur-chernyj-zolotoj-ostrov-100g,,379,BASILUR
148440,"Чай Greenfield Flying Dragon зеленый (2г х 25 пак), 50г",https://online.metro-cc.ru/products/greenfield-zelenyj-flying-dragon-25x2g,94.9,109,GREENFIELD
89197,"Чай Akbar Gold черный цейлонский листовой, 250г",https://online.metro-cc.ru/products/akbar-chernyj-bajhovyj-cejlonskij-gold-250g,309,409,AKBAR
264788494,"Чай Richard черный персик-мята (1.7г x 25шт), 43г",https://online.metro-cc.ru/products/25h17g-chay-richard-chyornyy-persik-myata-paketirovannyy,89.9,132,RICHARD
101999,"Чай Newby Jasmine Blossom зеленый (2г x 50шт), 100г",https://online.metro-cc.ru/products/newby-zelenyj-jasmine-blossom-50-2g,,1279,NEWBY
121756,"Чай Akbar Classic Series черный пакетированный (2г х 100шт), 200г",https://online.metro-cc.ru/products/akbar-chernyj-klassicheskij-100h2g,229,329,AKBAR
188194,"Чай Greenfield Kenyan Sunrise черный листовой, 200г",https://online.metro-cc.ru/products/greenfield-chernyj-kenyan-sunrise-200g,239,289,GREENFIELD
517570,"Чай Richard Royal English Breakfast черный (2г х 25шт), 50г",https://online.metro-cc.ru/products/chernyj-richard-royal-english-breakfast-25-paketikov,89.9,132,RICHARD
225344,"RIOBA Чай зеленый байховый для заваривания в чайнике Молочный улун (5г х 20шт), 100г",https://online.metro-cc.ru/products/rioba-zelenyj-bajhovyj-dlya-zavarivaniya-v-chajnike-molochnyj-ulun-20-5g,,449,RIOBA
225910,"RIOBA Чай черный для заваривания в чайнике Эрл Грей (5г х 20шт), 100г",https://online.metro-cc.ru/products/rioba-chernyj-dlya-zavarivaniya-v-chajnike-erl-grej-20x5g,,389,RIOBA
577064,"RIOBA Чай Матча зеленый Премиум, 100г",https://online.metro-cc.ru/products/rioba-matcha-zelenyj-100g,,629,RIOBA
478481,"Чай Althaus Royal Earl Grey ароматизированный (1.75г х 20шт), 35г",https://online.metro-cc.ru/products/althaus-royal-earl-grey-v-paketikah-20-175g,449,469,ALTHAUS
8910084,"Чай Richard Royal Lemon ароматизированный (1.7г х 25шт), 42г",https://online.metro-cc.ru/products/chay-richard-royal-lemon-paketirovannyy-25-x-17g,89.9,132,RICHARD
386093,"Чай Richard Royal Ceylon черный байховый (2г х 25шт), 50г",https://online.metro-cc.ru/products/richard-chernyj-bajhovyj-royl-ceylon-v-sashe-25-pak,89.9,132,RICHARD
226285,"Чай Greenfield Classic Breakfast черный (2г х 100шт), 200г",https://online.metro-cc.ru/products/greenfield-chernyj-slassic-breakfast-100x2g,299,359,GREENFIELD
219178,"Чай Greenfield Summer Bouquet (2г х 25 пак), 50г",https://online.metro-cc.ru/products/greenfield-fruktovo-yagodno-travyanoj-summer-bouquet-25x2g,94.9,109,GREENFIELD
451658,"Чай Greenfield Rich Ceylon черный (2г x 20шт), 40г",https://online.metro-cc.ru/products/art_592282,109,172,GREENFIELD
86076,"Чай Akbar Mountain Fresh черный (2г х 100шт), 200г",https://online.metro-cc.ru/products/akbar-chernyj-mountain-fresh-100-2g,229,274,AKBAR
311826802,"Чай Akbar Mountain Fresh черный пакетированный (2г x 25шт), 50г",https://online.metro-cc.ru/products/25h2g-chay-akbar-mountain-fresh-chyornyy-paketirovannyy,59.9,94.9,AKBAR
257407795,"Чай Richard черный апельсин-корица (2г x 25шт), 50г",https://online.metro-cc.ru/products/25h2g-chay-richard-chyornyy-apelsin-koritsa-paketirovan,89.9,132,RICHARD
601245453,"Набор подарочный Maitre de The Exclusive Collection белый шар, 120г",https://online.metro-cc.ru/products/120g-pn-chay-maitre-de-the-exclusive-collection-belyy-shar,,389,MAITRE DE THE
259529,"Чай Basilur Magic Nights листовой черный, 100г",https://online.metro-cc.ru/products/basilur-chernyj-magic-nights-100g,,419,BASILUR
619087,"Чай Чёрный дракон зеленый с жасмином, 100г",https://online.metro-cc.ru/products/100g-chyornyj-drakon-zelyonyj-s-zhasminom,149,171,ЧЁРНЫЙ ДРАКОН
619437,"Чай Чёрный дракон зеленый молочный, 100г",https://online.metro-cc.ru/products/100g-chyornyj-drakon-molochnyj-zelenyj,149,171,ЧЁРНЫЙ ДРАКОН
396162,"Чай черный Basilur Uva OP Лист Цейлона (2г х 100шт), 200г",https://online.metro-cc.ru/products/chernyj-basilur-uba-100h2g,,559,BASILUR
386770,"RIOBA Чайный напиток Наглый фрукт, 400г",https://online.metro-cc.ru/products/rioba-napitok-naglyj-frukt-400g,,669,RIOBA
617222,"Чай Richard Lord Grey черный листовой с добавками, 180г",https://online.metro-cc.ru/products/180g-richard-lord-grey,219,319,RICHARD
549082,"Чай Curtis Delicate mango в пирамидках (1.8г х 20шт), 36г",https://online.metro-cc.ru/products/curtis-mango-20-piramidok-h-18-g,79.9,119,CURTIS
601583353,"Чай черный Richard All the best wishes, 80г",https://online.metro-cc.ru/products/chay-chernyy-richard-all-the-best-wishes-80g,,549,RICHARD
130688,"Чай Ahmad Tea English Tea No.1 черный листовой с ароматом бергамота, 200г",https://online.metro-cc.ru/products/ahmad-tea-chernyj-listovoj-s-aromatom-bergamota-english-tea-no1-200g,299,409,AHMAD TEA
94252,"Чай Akbar Ceylon черный (2г х 100шт), 200г",https://online.metro-cc.ru/products/chernyj-akbar-ceylon-100h2g,229,274,AKBAR
218281,"Чай Ahmad Tea Ceylon High Mountain черный листовой, 200г",https://online.metro-cc.ru/products/ahmad-tea-chernyj-ceylon-high-mountain-200g,299,409,AHMAD TEA
387035,"Чай Newby Pride of Africa черный листовой, 100г",https://online.metro-cc.ru/products/chernyj-newby-pride-of-africa-100g,,799,NEWBY
514803,"RIOBA Чайный напиток Каркаде, 400г",https://online.metro-cc.ru/products/rioba-napitok-karkade-400g,,519,RIOBA
596351742,"Чай Herbarus травяной Спокойствие-баланс (1.8г х 24шт), 43г",https://online.metro-cc.ru/products/24shth18g-chaynyy-napitok-herbarus-spokoystviebalans,189,289,HERBARUS
495573,"Чай Richard Royal English Breakfast черный (2г x 100шт), 200г",https://online.metro-cc.ru/products/chernyj-richard-royal-english-breakfast-100x2g,279,369,RICHARD
311826792,"Чай Akbar черный яблоко-шиповник (1.5г x 100шт), 150г",https://online.metro-cc.ru/products/100h15g-chay-akbar-chyornyy-yablokoshipovnik-pak,249,379,AKBAR
539550,"RIOBA Чай Пляжный мохито черный (2г х 20шт), 40г",https://online.metro-cc.ru/products/rioba-plyazhnyj-mohito-chernyj-20-paketikov-h-2-g,,259,RIOBA
223732,"Чай Принцесса Нури Высокогорный черный (2г х 100шт), 200г",https://online.metro-cc.ru/products/princessa-nuri-chernyj-vysokogornyj-100x2g,219,229,ПРИНЦЕССА НУРИ
123326,"Чай Milford Peppermint мята перечная (1.5г х 20шт), 30г",https://online.metro-cc.ru/products/milford-travyanoj-myata-perechnaya-20x15g,,121,MILFORD
615323,"Напиток Nature's Own Factory Гречишный чайный (3г х 10шт), 30г",https://online.metro-cc.ru/products/30g-napitok-natures-own-factory-grech,209,329,NATURE'S OWN FACTORY
247878,"Чай Ahmad Tea English Breakfast черный листовой, 200г",https://online.metro-cc.ru/products/ahmad-tea-chernyj-english-breakfast-200g,299,409,AHMAD TEA
265279095,"Чай Richard Royal Strawberry & Aloe Vera (1.5г x 25шт), 38г",https://online.metro-cc.ru/products/25h15g-chay-richard-zelenyy-klubnika-aloe-paketirovannyy,89.9,132,RICHARD
615455,"Чай Nature's Own Factory Полезный гречишный, 100г",https://online.metro-cc.ru/products/napitok-grechishnyj-nature-039s-own-factory-100g,,749,NATURE'S OWN FACTORY
596162797,"Чай зеленый Richman цитрусовый коктейль, 40г",https://online.metro-cc.ru/products/40g-chay-zelenyy-richman-tsitrusovyy-kokteyl,129,196,RICHMAN
102376,"Напиток чайный Master Team Каркаде, 250г",https://online.metro-cc.ru/products/chajnyj-napitok-master-team-karkade-sudanskaya-roza-250g,,309,MASTER TEAM
595123,"Чай Basilur Китайский чай Молочный улун зеленый, 100г",https://online.metro-cc.ru/products/100g-chaj-basilur-kitajskij-chaj-molochn-ulun,,339,BASILUR
601245388,"Чайный напиток Herbarus Заряд витаминов (1.8г x 24шт), 43.2г",https://online.metro-cc.ru/products/24h18g-chaynyy-napitok-herbarus-zaryad-vitaminov,189,289,HERBARUS
601742823,"Чай Greenfield набор 24 вида, 167г",https://online.metro-cc.ru/products/1672g-chay-greenfield-nabor-24-vida,,709,GREENFIELD
506429,"Чай Greenfield English Edition листовой черный, 200г",https://online.metro-cc.ru/products/greenfield-chernyj-english-edition-200g,239,289,GREENFIELD
120144,"Чай Greenfield Golden Ceylon черный (2г х 25 пак), 50г",https://online.metro-cc.ru/products/greenfield-chernyj-golden-ceylon-25x2g,94.9,109,GREENFIELD
620037,"Чай Чёрный дракон молочный улун, 100г",https://online.metro-cc.ru/products/100g-chyornyj-drakon-molochnyj-ulun,219,247,ЧЁРНЫЙ ДРАКОН
603139840,"Чай черный Greenfield Redberry Crumble пирамидки (1.8г x 20шт), 36г",https://online.metro-cc.ru/products/20shtx18g-chay-chernyy-greenfield-redberry-crumble-piramidki,109,162,GREENFIELD
289691642,"Чай Riston Elite English черный с зеленым листовой, 200г",https://online.metro-cc.ru/products/200g-chay-riston-elite-english-chyornyy-s-zelenym-list,229,265,RISTON
615620,"Напиток чайный Eastford Корень имбиря чайный с цедрой лимона (6г х 12шт), 72г",https://online.metro-cc.ru/products/72g-napitok-eastford-imbir-s-cedroj-limona,349,369,EASTFORD
620107,"Чай Чёрный дракон женьшеневый улун, 100г",https://online.metro-cc.ru/products/100g-chyornyj-drakon-zhenshenevyj-ulun,219,247,ЧЁРНЫЙ ДРАКОН
163589,"Чай Milford шиповник (2г х 20 пак), 40г",https://online.metro-cc.ru/products/art_468775,,121,MILFORD
470694,"Чай Ahmad Tea зеленый листовой с жасмином, 200г",https://online.metro-cc.ru/products/ahmad-tea-zelenyj-listovoj-s-zhasminom-200g,399,459,AHMAD TEA
313339538,"Чай Азерчай черный букет (2г x 100шт), 200г",https://online.metro-cc.ru/products/100h2g-chay-azerchay-chyornyy-buket-paketirovannyy,,339,АЗЕРЧАЙ
259324,"Чай Basilur Ceylon черный (2г x 100шт), 200г",https://online.metro-cc.ru/products/basilur-ceylon-100h2-g,,559,BASILUR
127256,"Чай Newby Earl Grey черный листовой, 100г",https://online.metro-cc.ru/products/newby-chernyj-earl-grey-100g,,799,NEWBY
625337,"Чай Принцесса Нури Высокогорный черный, листовой, 250г",https://online.metro-cc.ru/products/250g-princessa-nuri-vysokogornyj-listovoj,159,214,ПРИНЦЕССА НУРИ
203574,"Чай Maitre de The Кения листовой, 100г",https://online.metro-cc.ru/products/maitre-keniya-100g,,419,MAITRE DE THE
225649,"RIOBA Чай зеленый с жасмином для заваривания в чайнике (5г х 20шт), 100г",https://online.metro-cc.ru/products/rioba-zelenyj-s-zhasminom-dlya-zavarivaniya-v-chajnike-20x5g,,409,RIOBA
259538,"Чай Basilur Masala Chai листовой черный, 100г",https://online.metro-cc.ru/products/chernyj-basilur-masala-100g,,419,BASILUR
615905,"Напиток чайный Eastford Мята душистая (1г х 12шт), 12г",https://online.metro-cc.ru/products/12g-napitok-eastford-myata-dushistaya,199,209,EASTFORD
136734,"Чай Milford ромашка (1.5г х 20шт), 30г",https://online.metro-cc.ru/products/milford-travyanoj-romashka-20-15g,,121,MILFORD
259419,"Чай Basilur Остров зеленый листовой, 100г",https://online.metro-cc.ru/products/basilur-zelenyj-ostrov-cejlon-100g,,379,BASILUR
538244,"Чай Green Panda Молочный туман зеленый оолонг крупнолистовой, 100г",https://online.metro-cc.ru/products/art_60429,,244,GREEN PANDA
86966,"Чай Ahmad Tea Green Tea зеленый (2г х 100шт), 200г",https://online.metro-cc.ru/products/ahmad-tea-zelenyj-green-tea-100-2g,359,499,AHMAD TEA
313874885,"Чай Азерчай черный с чабрецом (2г x 100шт), 200г",https://online.metro-cc.ru/products/100h2g-chay-azerchay-chyornyy-s-chabretsom-paketirovannyy,,389,АЗЕРЧАЙ
623847,"Напиток чайный Tipson Immune booster травяной (1.3г x 20шт), 26г",https://online.metro-cc.ru/products/tipson-immune-booster-travyanoj-20-paketikov,,359,TIPSON
614750,"Чай Алтайвита Солнечный день травяной, 40г",https://online.metro-cc.ru/products/40g-altajvita-travyanoj-solnechyj-den,,176,АЛТАЙВИТА
120011,"Чай Принцесса Канди цейлонский черный (2г x 100шт), 200г",https://online.metro-cc.ru/products/princessa-kandi-chernyj-cejlon-100-2g,159,182,ПРИНЦЕССА КАНДИ
603138095,"Чай черный Принцесса Нури Солнце цейлона листовой, 250г",https://online.metro-cc.ru/products/250g-chay-chernyy-printsessa-nuri-solntse-tseylona-listovoy,269,329,ПРИНЦЕССА НУРИ
313874890,"Чай Азерчай черный листовой, 200г",https://online.metro-cc.ru/products/200g-chay-azerchay-chyornyy-listovoy,,389,АЗЕРЧАЙ
506110,"Чай Greenfield Royal Earl Grey с бергамотом черный (2г x 20шт), 40г",https://online.metro-cc.ru/products/greenfield-chernyj-s-bergamotom-royal-earl-grey-v-sashe-20-piramidok,109,196,GREENFIELD
601354163,"Сокочай черный Befruitbe имбирь-апельсин-малина, 50г",https://online.metro-cc.ru/products/50g-sokochay-chernyy-befruitbe-imbirapelsinmalina,,254,BEFRUITBE
596351737,"Чайный напиток Herbarus Ассорти (1.8г х 24шт), 43г",https://online.metro-cc.ru/products/24shth18g-chaynyy-napitok-herbarus-assorti,189,289,HERBARUS
203489,"Чай Майский Корона Российской Империи черный крупнолистовой, 100г",https://online.metro-cc.ru/products/majskij-chernyj-korona-rossijskoj-imperii-100g,,119,МАЙСКИЙ
519720,"Чай Richard Royal Ceylon черный, 90г",https://online.metro-cc.ru/products/chernyj-richard-royal-ceylon-90g,119,189,RICHARD
550287461,"RIOBA Чай черный цветущий сад (2г x 25шт), 50г",https://online.metro-cc.ru/products/rioba-chay-chernyy-tsvetuschiy-sad-2g-x-25,,123,RIOBA
200116,"Чай Curtis Isabella Grape черный пирамидки (1.8г x 20шт), 36г",https://online.metro-cc.ru/products/chernyj-curtis-isabella-grape-piramidki-20x18g,79.9,119,CURTIS
594486,"Чай Basilur Китайский чай Молочный улун (1.5г х 100шт), 150г",https://online.metro-cc.ru/products/100x15g-chaj-basilur-kitajskij-molochnyj-ulun,,579,BASILUR
119278,"Чай Maitre de The Lux Noir черный листовой, 100г",https://online.metro-cc.ru/products/maitre-chernyj-lux-noir-100g,,389,MAITRE DE THE
538346,"Чай Green Panda Красный петух крупнолистовой, 100г",https://online.metro-cc.ru/products/zelenaya-panda-krasnyj-petuh-krupnyj-list-100-g,,189,GREEN PANDA
240996772,"Чай Майский черный сердце цейлона (1.7г x 100шт), 170г",https://online.metro-cc.ru/products/100x17g-chay-mayskiy-chernyy-serdtse-tseylona-paketirovannyy,189,235,МАЙСКИЙ
603139820,"Чай черный Принцесса Нури высокогорный гранулированный, 250г",https://online.metro-cc.ru/products/250g-chay-chernyy-printsessa-nuri-vysokogornyy-granulirovannyy,169,199,ПРИНЦЕССА НУРИ
127547,"RIOBA Чай черный Мятная свежесть (2г х 20шт), 40г",https://online.metro-cc.ru/products/rioba-chernyj-myatnaya-svezhest-20x2g,,269,RIOBA
550287456,"RIOBA Напиток чайный ромашковый (1.2г x 25шт), 30г",https://online.metro-cc.ru/products/rioba-napitok-chaynyy-romashkovyy-12g-x-25,,104,RIOBA
614789,"Чай Алтайвита Хохот шамана травяной, 40г",https://online.metro-cc.ru/products/40g-altajvita-travyanoj-hohot-shamana,,176,АЛТАЙВИТА
538598,"Чай Green Panda Загадка Тибета черный пуэр крупнолистовой, 100г",https://online.metro-cc.ru/products/zelenaya-panda-zagadka-tibeta-chernyj-puer-100-g,,204,GREEN PANDA
614906,"Чай Алтайвита Витаминный коктейль травяной, 40г",https://online.metro-cc.ru/products/40g-altajvita-travyanoj-vitamin-koktejl,,176,АЛТАЙВИТА
514944,"RIOBA Чай зеленый c жасмином, 400г",https://online.metro-cc.ru/products/rioba-zelenyj-listovoj-c-zhasminom-400g,,519,RIOBA
136580,"Чай Ahmad Tea English Breakfast черный (2г х 25 пак), 50г",https://online.metro-cc.ru/products/ahmad-tea-chernyj-bajhovyj-melkij-english-breakfast-25-pak,99.9,129,AHMAD TEA
615659,"Напиток чайный Eastford Ягоды облепихи с яблоком (6г х 12шт), 72г",https://online.metro-cc.ru/products/72g-napitok-eastford-yagody-oblepihi-yabloko,299,349,EASTFORD
104867,"Чай Ahmad Tea Green Tea зеленый (2г х 25 пак), 50г",https://online.metro-cc.ru/products/ahmad-tea-zelenyj-25h2-g,,145,AHMAD TEA
594985,"Чай Basilur Избранная классика Эрл Грей черный, 100г",https://online.metro-cc.ru/products/100g-chaj-basilur-izbrannaya-klassika-erl-grej,,419,BASILUR
425054,"Чай Азерчай черный листовой с чабрецом, 100г",https://online.metro-cc.ru/products/art_578785,,177,АЗЕРЧАЙ
412086,"Чай Tess ассорти из 12 вкусов 60шт, 102г",https://online.metro-cc.ru/products/tess-assorti-iz-12-vkusov-v-kartonnoj-korobke-v-sashe-60-pak,369,489,TESS
395511,"Чай Basilur Leaf of Ceylon Uva черный листовой, 200г",https://online.metro-cc.ru/products/200g-bazilur-uva,,659,BASILUR
181202,"Чай Ahmad Tea зеленый листовой, 200г",https://online.metro-cc.ru/products/ahmad-tea-zelenyj-listovoj-200g,,329,AHMAD TEA
615233,"Напиток чайный Nature's Own Factory Полезный гречишный с манго, 100г",https://online.metro-cc.ru/products/napitok-grechishnyj-s-mango-nature-039s-own-factory-100g,,719,NATURE'S OWN FACTORY
596161917,"Чай зеленый Richman Young Hyson, 100г",https://online.metro-cc.ru/products/100g-chay-zelenyy-richman-young-hyson,159,225,RICHMAN
601243628,"Чайный напиток Herbarus Имбирная энергия (2г x 24шт), 48г",https://online.metro-cc.ru/products/24h2g-chaynyy-napitok-herbarus-imbirnaya-energiya,189,289,HERBARUS
289691972,"Чай Althaus Darjeeling черный пакетированный (1.75г x 20шт), 35г",https://online.metro-cc.ru/products/20h175g-chay-althaus-darjeeling-chernyy-paketirovannyy,,419,ALTHAUS
122018,"Чай Tess Pleasure с шиповником и яблоком черный, 200г",https://online.metro-cc.ru/products/tess-chernyj-shipovnik-yabloko-pleasure-200g,,299,TESS
463054,"Чай Master Team черный байховый крупнолистовой, 800г",https://online.metro-cc.ru/products/master-team-standart-704-chernyj-bajhovyj-cejlonskij-vysshego-sorta-800gr,,879,MASTER TEAM
473721201,"RIOBA Чай зеленый классический (2г x 100шт), 200г",https://online.metro-cc.ru/products/100h2g-chay-rioba-zelenyy-klassicheskiy,,449,RIOBA
313874895,"Чай Азерчай черный букет (2г x 25шт), 50г",https://online.metro-cc.ru/products/25h2g-chay-azerchay-chyornyy-buket-paketirovannyy,,109,АЗЕРЧАЙ
411936,"Чай Майский черный (2г х 200шт), 400г",https://online.metro-cc.ru/products/chernyj-majskij-v-sashetah-200h2g,,629,МАЙСКИЙ
474377640,"RIOBA Чай черный классический (2г x 100шт), 200г",https://online.metro-cc.ru/products/100h2g-chay-rioba-chernyy-klassicheskiy,,429,RIOBA
102543,"Чай Newby Ассам черный листовой, 100г",https://online.metro-cc.ru/products/chernyj-newby-assam-100g,,799,NEWBY
6133901,"Чай черный Алтайвита со смородиной (2г х 15пак), 30г",https://online.metro-cc.ru/products/chernyj-altajvita-so-smorodinoj-15x2g,109,130,АЛТАЙВИТА
615944,"Чай Eastford зеленый с мятой, мелиссой, цедрой лимона и апельсина (4г х 12шт), 48г",https://online.metro-cc.ru/products/48g-eastford-zel-s-myatoj-cedroj-limona-apels,,199,EASTFORD
615467,"Напиток чайный Nature's Own Factory Полезный гречишный с кокосом, 100г",https://online.metro-cc.ru/products/napitok-grechishnyj-s-kokosom-nature-039s-own-factory-100g,,719,NATURE'S OWN FACTORY
550287126,"RIOBA Напиток чайный ройбуш ягодный (1.5г x 25шт), 37г",https://online.metro-cc.ru/products/rioba-napitok-chaynyy-roybush-yagodnyy-15g-x-25,,121,RIOBA
112138,"Чай Лисма черный крепкий (2г х 25шт), 50г",https://online.metro-cc.ru/products/lisma-chernyj-krepkij-25h2g,44.9,69.9,ЛИСМА
550299061,"RIOBA Чай черный Эрл грей (2г x 25шт), 50г",https://online.metro-cc.ru/products/rioba-chay-chernyy-erl-grey-2g-x-25,,115,RIOBA
473943965,"RIOBA Чай зеленый с мелиссой (2г x 25шт), 50г",https://online.metro-cc.ru/products/25h2g-chay-rioba-zelenyy-s-melissoy,,114,RIOBA
604484840,"Чай черный Tess Pleasure шиповник-яблоко листовой, 100г",https://online.metro-cc.ru/products/100g-chay-chernyy-tess-pleasure-shipovnikyabloko-listovoy,109,139,TESS
625452,"Чай Greenfield Earl grey fantasy черный с бергамотом, 100г",https://online.metro-cc.ru/products/100g-greenfield-earl-grey-listovoj,,207,GREENFIELD
318027211,"Чай Just T зеленый China Green Jewel (2г x 20шт), 40г",https://online.metro-cc.ru/products/20h2g-chay-just-t-zelenyy-china-green-jewel-pak,359,399,JUST T
240886662,"Напиток Nature's Own Factory гречишный чайный банан-клубника, 75г",https://online.metro-cc.ru/products/75g-grechishnyy-chaynyy-napitok-natures-factory-bananklubnika,399,499,NATURE'S OWN FACTORY
318016541,"Чай Just T зеленый Unforget Morrocan mint (1г x 20шт), 20г",https://online.metro-cc.ru/products/20h1g-chay-just-t-zelenyy-unforget-moroccan-mint-pak,359,399,JUST T
601354158,"Чай черный Befruitbe крупнолистовой, 50г",https://online.metro-cc.ru/products/50g-chay-chernyy-befruitbe-krupnolistovoy,,92.9,BEFRUITBE
601742803,"Чай черный Принцесса Ява сочный лимон в пакетиках (1.5г x 25шт), 38г",https://online.metro-cc.ru/products/25shth15g-chay-zelenyy-printsessa-yava-sochnyy-limon-v-paketikah,60.9,69.9,ПРИНЦЕССА ЯВА
617467,"Чай Curtis Delicate Black черный мелколистовой (1.7г х 100шт), 170г",https://online.metro-cc.ru/products/100h17g-curtis-delicate-black,249,319,CURTIS
316700005,"Чай Just T черный Baby It's cold outside (1.75г x 20шт), 35г",https://online.metro-cc.ru/products/20h175g-chay-just-t-chyornyy-baby-its-cold-outside-pak,359,399,JUST T
6133786,"Чай черный Алтайвита с шиповником (2г х 15пак), 30г",https://online.metro-cc.ru/products/chernyj-altajvita-s-shipovnikom-15x2g,109,130,АЛТАЙВИТА
240997267,"Напиток Nature's Own Factory гречишный чайный груша-ваниль, 75г",https://online.metro-cc.ru/products/75g-grechishnyy-chaynyy-napitok-natures-factory-grushavanil,399,499,NATURE'S OWN FACTORY
225983,"Чай Принцесса Нури высокогорный черный (2г x 50 шт), 100г",https://online.metro-cc.ru/products/chernyj-princessa-nuri-vysokogornyj-50h2g,99.9,120,ПРИНЦЕССА НУРИ
538453,"Чай Green Panda Нефритовый сад зеленый сенча крупнолистовой, 100г",https://online.metro-cc.ru/products/kitajskij-zelenyj-nefritovyj-sad-green-panda-100g,,259,GREEN PANDA
498961,"Чай Maitre de The Луи Дор черный, 150г",https://online.metro-cc.ru/products/maitre-de-the-lui-dor-chernyj-v-zheleznoj-banke-150-g,,639,MAITRE DE THE
92809,"Чай Принцесса Нури черный цейлонский (2г x 100шт), 200г",https://online.metro-cc.ru/products/princessa-nuri-chernyj-cejlonskij-100x2g,219,239,ПРИНЦЕССА НУРИ
313076313,"Чай Азерчай черный байховый с бергамотом (2г x 25шт), 50г",https://online.metro-cc.ru/products/25h2g-chay-azerchay-chyornyy-bayhovyy-s-bergamotom-paket,,114,АЗЕРЧАЙ
316699950,"Чай Just T белый Darling Peach (2г x 20шт), 40г",https://online.metro-cc.ru/products/20h2g-chay-just-t-belyy-darling-peach-paketirovannyy,359,399,JUST T
318027216,"Чай Just T черный Sunrise Breakfast (3г x 20шт), 60г",https://online.metro-cc.ru/products/20h3g-chay-just-t-chyornyy-sunrise-breakfast-pak,359,399,JUST T
550299116,"RIOBA Чай черный с мятой (2г x 25шт), 50г",https://online.metro-cc.ru/products/rioba-chay-chernyy-s-myatoy-2g-x-25,,107,RIOBA
183153,"Чай Принцесса Ява Традиционный зеленый (2г х 25шт), 50г",https://online.metro-cc.ru/products/princessa-yava-zelenyj-25h2g,59.9,67.9,ПРИНЦЕССА ЯВА
601585538,"Чай Майский зимнее ассорти в сашетах, 31г",https://online.metro-cc.ru/products/chay-mayskiy-zimnee-assorti-v-sashetah-31g,,195,МАЙСКИЙ
624572,"Напиток чайный Tipson Sleep well травяной (1.3г x 20шт), 26г",https://online.metro-cc.ru/products/tipson-sleep-well-travyanoj-20-paketikov,,359,TIPSON
495577,"Чай Greenfield Меджик Юньнань черный (2г x 100шт), 200г",https://online.metro-cc.ru/products/greenfield-medzhik-yunnan-chernyj-100-2g,299,359,GREENFIELD
126882,"Чай Greenfield Golden Ceylon черный крупнолистовой, 100г",https://online.metro-cc.ru/products/100g-chernyj-zolotoj-cejlon-428444,,175,GREENFIELD
473944135,"RIOBA Напиток чайный каркаде (1.8г x 25шт), 45г",https://online.metro-cc.ru/products/25x18g-chaynyy-napitok-rioba-karkade,,114,RIOBA
473944140,"RIOBA Чай черный с ароматом лимона (2г x 25шт), 50г",https://online.metro-cc.ru/products/25h2g-chay-rioba-chernyy-s-aromatom-limona,,114,RIOBA
625722,"Чай Принцесса Нури Лимон черный ароматизированный (1.5г x 25шт), 38г",https://online.metro-cc.ru/products/25h15g-princessa-nuri-limon-paketirovan,64.9,76.9,ПРИНЦЕССА НУРИ
614561,"Чай Curtis Delicate черный (1.7г x 25шт), 43г",https://online.metro-cc.ru/products/25sht-curtis-delikato-chernyj,109,119,CURTIS
594428,"Чай Basilur Избранная классика Английский завтрак черный, 100г",https://online.metro-cc.ru/products/100g-chaj-basilur-izbran-klassika-angl-zavtrak,,419,BASILUR
228115,"Чай Tess Sunrise черный листовой, 200г",https://online.metro-cc.ru/products/tess-chernyj-sunrise-200g,,293,TESS
311826797,"Чай Akbar Gold черный пакетированный (2г x 25шт), 50г",https://online.metro-cc.ru/products/25h2g-chay-akbar-gold-chyornyy-paketirovannyy,74.9,115,AKBAR
609095,"aro Чай черный пакетированный (1.8г х 20шт), 36г",https://online.metro-cc.ru/products/20x18g-aro-chernyj-pak,,25.49,ARO
240886167,"Чай Curtis черный Pleasure Time шиповник-яблоко-карамель (1.7г x 25шт), 38г",https://online.metro-cc.ru/products/25x17g-chay-curtis-chernyy-pleasure-time-shipyablkaramel,109,119,CURTIS
615494,"Напиток чайный Eastford Цветки ромашки (1.5г х 12шт), 18г",https://online.metro-cc.ru/products/18g-napitok-eastford-cvety-romashki,229,246,EASTFORD
603136515,"Чай черный Принцесса Канди цейлон в пакетиках (2г x 25шт), 50г",https://online.metro-cc.ru/products/25shth2g-chay-chernyy-printsessa-kandi-tseylon-v-paketikah,54.9,61.9,ПРИНЦЕССА КАНДИ
603139830,"Чай черный Tess High Ceylon в пакетиках (2.25г x 25шт), 56г",https://online.metro-cc.ru/products/25shtx225g-chay-chernyy-tess-high-ceylon-v-paketikah,,109,TESS
240886177,"Чай Майский черный сердце цейлона, 100г",https://online.metro-cc.ru/products/100g-chay-mayskiy-chernyy-serdtse-tseylona-listovoy,129,154,МАЙСКИЙ
603139825,"Чай черный Гита индийский в пакетиках (2г x 25шт), 50г",https://online.metro-cc.ru/products/25shth2g-chay-chernyy-gita-indiyskiy-v-paketikah,,36.49,ГИТА
121445,"Чай Ahmad Tea черный English №1 (2г х 25 пак), 50г",https://online.metro-cc.ru/products/ahmad-tea-chernyj-english-tea-1-25h2g,,142,AHMAD TEA
603139845,"Чай зеленый Greenfield Flying Dragon листовой, 100г",https://online.metro-cc.ru/products/100g-chay-zelenyy-greenfield-flying-dragon-listovoy,,194,GREENFIELD
406539,"Чай Майский Корона Российской Империи черный (2г х 25 шт), 50г",https://online.metro-cc.ru/products/chernyj-majskij-korona-rossijskoj-imperii-25x2g,54.9,69.9,МАЙСКИЙ
634731,"Чай Принцесса Нури отборный черный (2г x 25шт), 50г",https://online.metro-cc.ru/products/25h2g-princessa-nuri-otbornyj,59.9,64.9,ПРИНЦЕССА НУРИ
240886172,"Чай Майский черный сердце цейлона (1.7г x 25шт), 43г",https://online.metro-cc.ru/products/25x17g-chay-mayskiy-chernyy-serdtse-tseylona-paketirovannyy,,85.9,МАЙСКИЙ
316700115,"Напиток Milford чайный 12 трав (2.25г x 20шт), 45г",https://online.metro-cc.ru/products/20h225g-chaynyy-napitok-milford-12-trav,,148,MILFORD
626167,"Чай Принцесса Канди Медиум черный, листовой, 200г",https://online.metro-cc.ru/products/200g-princessa-kandi-medium-listovoj,119,194,ПРИНЦЕССА КАНДИ
625592,"Чай Tess Pleasure черный с шиповником и яблоком (1.5г x 25шт), 38г",https://online.metro-cc.ru/products/25h15g-tess-pleasure-paketirovannyj,,109,TESS
603139835,"Чай черный Tess Sunrise в пакетиках (1.8г x 25шт), 45г",https://online.metro-cc.ru/products/25shtx18g-chay-chernyy-tess-sunrise-v-paketikah,,109,TESS
8910359,"Чай Лисма насыщенный пакетированный (1.8г x 25шт), 45г",https://online.metro-cc.ru/products/chay-lisma-nasyschennyy-paketirovannyy-25-x-18g,,61.9,ЛИСМА
550299066,"RIOBA Чай черный классический (2г x 25шт), 50г",https://online.metro-cc.ru/products/rioba-chay-chernyy-klassicheskiy-2g-x-25,,109,RIOBA
626272,"Чай Принцесса Канди Медиум черный, листовой, 100г",https://online.metro-cc.ru/products/100g-princessa-kandi-medium-listovoj,65.9,68.9,ПРИНЦЕССА КАНДИ
635241,"Чай Принцесса Нури высокогорный черный (2г x 25шт), 50г",https://online.metro-cc.ru/products/25h2g-princessa-nuri-vysokogornyj,59.9,67.9,ПРИНЦЕССА НУРИ
141110,"Чай Майский черный отборный (2г x 25шт), 50г",https://online.metro-cc.ru/products/majskij-chernyj-otbornyj-25h2-g,54.9,69.9,МАЙСКИЙ
259209,"Чай Basilur Белая луна зеленый, 100г",https://online.metro-cc.ru/products/chernyj-basilur-magic-nights-100g,,419,BASILUR
638163,"Чай Althaus с жасмином для чайника зеленый (4г x 15шт), 60г",https://online.metro-cc.ru/products/15h4g-althaus-zel-s-zhasminom-dlya-chajnika,799,859,ALTHAUS
603138100,"Чай черный Принцесса Нури высокогорный листовой, 100г",https://online.metro-cc.ru/products/100g-chay-chernyy-printsessa-nuri-vysokogornyy-listovoy,88.9,98.9,ПРИНЦЕССА НУРИ
596292274,"Чай черный Richman бергамот, 40г",https://online.metro-cc.ru/products/40g-chay-chernyy-richman-bergamot,129,196,RICHMAN
92549,"Чай Ahmad Tea English Breakfast черный (2г x 100шт), 200г",https://online.metro-cc.ru/products/ahmad-tea-chernyj-english-breakfast-100x2g,359,489,AHMAD TEA
237428757,"Чай Curtis Desserts Tea Collection ассорти (1.95г x 30шт), 59г",https://online.metro-cc.ru/products/30h195g-chay-curtis-dessert-tea-collection-assorti,249,359,CURTIS
237429037,"Чай Richard Tea №1 черный мята-цитрус (2г х 25шт), 50г",https://online.metro-cc.ru/products/25x2g-chay-richard-kings-tea-1-chyornyy-myatatsitrus,89.9,132,RICHARD
601355648,"Сокочай черный Befruitbe имбирь-яблоко-облепиха, 100г",https://online.metro-cc.ru/products/100g-sokochay-chernyy-befruitbe-imbiryablokooblepiha,,589,BEFRUITBE
85964,"Чай Ahmad Tea English Tea №1 черный (2г x 100шт), 200г",https://online.metro-cc.ru/products/ahmad-tea-chernyj-englishtea-1-100-pak,359,529,AHMAD TEA
167748,"Чай Ahmad Tea Ceylon Tea Orange Pekoe черный листовой, 200г",https://online.metro-cc.ru/products/ahmad-tea-chernyj-bajhovyj-cejlonskij-orange-pekoe-200g,299,409,AHMAD TEA
97323,"Чай Hilltop Рождественские катания, 150г",https://online.metro-cc.ru/products/art_399971,,1049,HILLTOP
608852,"aro Чай черный пакетированный (1.8г х 1000шт), 1.8кг",https://online.metro-cc.ru/products/1000x18g-aro-chernyj-pak,,1219,ARO
91412,"aro Чай черный индийский (1.8г х 100шт), 180г",https://online.metro-cc.ru/products/aro-chernyj-indijskij-100x18g,,138,ARO
473943970,"RIOBA Чай зеленый классический (2г x 25шт), 50г",https://online.metro-cc.ru/products/25h2g-chay-rioba-zelenyy-klassicheskiy,,105,RIOBA
413151204,"Чай Т-Eco черный байховый среднелистовой, 200г",https://online.metro-cc.ru/products/200g-chay-t-eco-chernyy-bayhovyy-srednelistovoy,,62.9,Т-ECO
91411,"aro Чай черный индийский, 200г",https://online.metro-cc.ru/products/aro-chernyj-indijskij-200g,,58.9,ARO
403258188,"Чай Майский Корона Российской Империи черный цейлонский крупнолистовой, 200г x 12 шт",https://online.metro-cc.ru/products/200g-chay-mayskiy-korona-rossiyskoy-imperii-chern,,2868,МАЙСКИЙ
567608,"Чай Richard Lord Grey черный байховый в саше (2г х 25 пак), 50г x 12 шт",https://online.metro-cc.ru/products/richard-lord-grey-chernyj-bajhovyj-25-2g,,1308,RICHARD
159554,"Чай Ahmad Tea Ceylon Tea High Mountain черный листовой, 200г x 2 шт",https://online.metro-cc.ru/products/ahmad-cejlonskij-chernyj-200g,,818,AHMAD TEA
567683,"Чай Richard Royal Ceylon черный байховый (2г х 25 пак), 50г x 12 шт",https://online.metro-cc.ru/products/richard-royal-ceylon-chernyj-25-2g,,1308,RICHARD
118820,"Чай Принцесса Нури черный цейлонский (2г х 100 пак), 200г x 18 шт",https://online.metro-cc.ru/products/princessa-nuri-otbornyj-chernyj-100h2g,,4302,ПРИНЦЕССА НУРИ
87796,"Чай Greenfield Summer Bouquet 25 пакетиков (2г x 25 пак), 50г х 2 шт",https://online.metro-cc.ru/products/greenfield-summer-bouquet-25h2g,,218,GREENFIELD
238066,"Чай Curtis Isabella Grape черный пирамидки (1.8г х 20 пак), 36г x 2 шт",https://online.metro-cc.ru/products/chernyj-curtis-isabella-grape-piramidki-20x18g-505404,,199.8,CURTIS
554072,"Чай Майский Корона Российской Империи черный цейлонский крупнолистовой (2г х 100пак), 200г x 6 шт",https://online.metro-cc.ru/products/majskij-chernyj-korona-rossijskoj-imperii-100-pak,,1134,МАЙСКИЙ
107863,"Чай Лисма черный крепкий (2г х 25 пак), 50г x 3 шт",https://online.metro-cc.ru/products/lisma-chernyj-krepkij-25h2g-466447,,134.7,ЛИСМА
202061,"Чай Ahmad Tea Orange Pekoe черный листовой байховый цейлонский, 200г x 2 шт",https://online.metro-cc.ru/products/ahmad-tea-chernyj-bajhovyj-cejlonskij-orange-pekoe-200g-439378,,818,AHMAD TEA
567762,"Чай Майский черный отборный 25 пакетиков (2г x 25 пак), 50г х 27 шт",https://online.metro-cc.ru/products/majskij-chernyj-otbornyj-25h2-g-31886,,1590.3,МАЙСКИЙ
105902,"Чай Ahmad Tea Earl Grey черный листовой, 200г x 2 шт",https://online.metro-cc.ru/products/ahmad-tea-chernyj-earl-grey-200g,,818,AHMAD TEA
567810,"Чай Richard Royal Ceylon черный байховый (2г х 100пак), 200г x 6 шт",https://online.metro-cc.ru/products/richard-royl-ceylon-chernyj-bajhovyj-100-2g,,1740,RICHARD
521460,"Чай Лисма черный крепкий (2г x 25 пак), 50г х 27 шт",https://online.metro-cc.ru/products/lisma-chernyj-krepkij-25h2g-29166,,1212.3,ЛИСМА
601583288,"Чай Curtis Winter Magic ассорти, 20г",https://online.metro-cc.ru/products/chay-curtis-winter-magic-assorti-20g,,199,CURTIS
567569,"Чай Майский Цейлон черный отборный (2г х 100пак), 200г x 6 шт",https://online.metro-cc.ru/products/majskij-chernyj-otbornyj-cejlon-100-pak,,1134,МАЙСКИЙ
402181,"Чай Майский Корона Российской Империи черный (25 пакетиков x 2г), 50г x 3 шт",https://online.metro-cc.ru/products/chernyj-majskij-korona-rossijskoj-imperii-25x2g-555856,,176.7,МАЙСКИЙ
542962,"Чай Ahmad Tea зеленый листовой с жасмином, 200г x 2 шт",https://online.metro-cc.ru/products/zelenyj-ahmad-tea-s-zhasminom-listovoj-200-g,,918,AHMAD TEA
123692,"Чай Принцесса Ява Традиционный зеленый (2г х 25шт), 50г х 2 шт",https://online.metro-cc.ru/products/zelenyj-princessa-yava-25h2g,,129.8,ПРИНЦЕССА ЯВА
